"","gbm","svm","logistic","rf","xgboost"
"tm_train",21.149,1.899,0.325999999999965,62.355,50.557
"tm_test",0.0200000000000387,0.163000000000011,0.00799999999998136,0.202999999999975,0.196000000000026
"error",0.308333333333333,0.255,0.231666666666667,0.271666666666667,0.248333333333333
